{
    "MAE": 0.0030541042687892866,
    "RMSE": 0.0036119042729197337,
    "R2": 0.9947619340111161
}