{
    "MAE": 0.001763517574071884,
    "RMSE": 0.0022800534458914624,
    "R2": 0.9979126822960553
}