{
    "MAE": 0.0035795691256523157,
    "RMSE": 0.004766577149727819,
    "R2": 0.9908775444566312
}