{
    "MAE": 0.0012234841066598877,
    "RMSE": 0.001547819806737616,
    "R2": 0.9990380792309033
}